{
    "step": 0,
    "RMSE": 35.61844420682274,
    "MAE": 5.471271660934571,
    "MAPE": 0.6149621863933258
}
