{
    "step": 0,
    "RMSE": 38.27727036995155,
    "MAE": 10.066965063270194,
    "MAPE": 1.3972044466909017
}
