{
    "step": 0,
    "RMSE": 16.14280722961722,
    "MAE": 4.163368330221259,
    "MAPE": 0.5140809854376319
}
