{
    "step": 0,
    "RMSE": 38.981211020079044,
    "MAE": 10.257204829239198,
    "MAPE": 1.3958815533108124
}
