{
    "step": 0,
    "RMSE": 6.372064972714798,
    "MAE": 4.477618111408211,
    "MAPE": 0.6146058985871153
}
