{
    "step": 0,
    "RMSE": 33.274911846524,
    "MAE": 5.192975008384197,
    "MAPE": 0.5597728630795918
}
