{
    "step": 0,
    "RMSE": 6.720321020076142,
    "MAE": 4.812468599884976,
    "MAPE": 0.7033957174601227
}
