{
    "step": 0,
    "RMSE": 38.27748024251064,
    "MAE": 10.067713926278065,
    "MAPE": 1.3973574040718102
}
