{
    "step": 0,
    "RMSE": 37.75824835215375,
    "MAE": 26.480697876785012,
    "MAPE": 3.856894761711446
}
