{
    "step": 0,
    "RMSE": 6.151257234103161,
    "MAE": 3.735981857416959,
    "MAPE": 0.35285279285239446
}
