{
    "step": 0,
    "RMSE": 5.65503663902695,
    "MAE": 3.552742610852843,
    "MAPE": 0.36990564837686674
}
