{
    "step": 0,
    "RMSE": 34.703017403822116,
    "MAE": 10.202627184313167,
    "MAPE": 1.4382938193239223
}
