{
    "step": 0,
    "RMSE": 5.828508972391555,
    "MAE": 3.5381107032660433,
    "MAPE": 0.3533279066177673
}
