{
    "step": 0,
    "RMSE": 16.683269864027622,
    "MAE": 5.6237521465698395,
    "MAPE": 0.7333487051824817
}
