{
    "step": 0,
    "RMSE": 38.00787653240317,
    "MAE": 6.70685222178218,
    "MAPE": 0.7740205208460677
}
