{
    "step": 0,
    "RMSE": 16.221222929465082,
    "MAE": 4.455738852164146,
    "MAPE": 0.5673492055164376
}
