{
    "step": 0,
    "RMSE": 16.213244968294784,
    "MAE": 4.297867661744272,
    "MAPE": 0.522041114347256
}
