{
    "step": 0,
    "RMSE": 37.697020401727706,
    "MAE": 6.469150487347797,
    "MAPE": 0.5925261049350047
}
