{
    "step": 0,
    "RMSE": 8.241164947170436,
    "MAE": 6.230828251995286,
    "MAPE": 0.9000249884504677
}
