{
    "step": 0,
    "RMSE": 36.88050965605841,
    "MAE": 10.237327077962744,
    "MAPE": 1.3499114566139965
}
