{
    "step": 0,
    "RMSE": 6.162102650101364,
    "MAE": 3.7540759490736995,
    "MAPE": 0.3556857485340385
}
