{
    "step": 0,
    "RMSE": 38.72903874177491,
    "MAE": 10.275237702407564,
    "MAPE": 1.3813796152747952
}
