{
    "step": 0,
    "RMSE": 6.232319672078037,
    "MAE": 3.7552311396121927,
    "MAPE": 0.3735324142991386
}
